-- CUSTOMER_PERSONAL_INFO
DESC CUSTOMER_PERSONAL_INFO;
DROP TABLE CUSTOMER_PERSONAL_INFO;
CREATE TABLE CUSTOMER_PERSONAL_INFO
(
 CUSTOMER_ID VARCHAR(5),
 CUSTOMER_NAME VARCHAR(30),
 DATE_OF_BIRTH  DATE,
 GUARDIAN_NAME VARCHAR(30),
 ADDRESS VARCHAR(50),
 CONTACT_NO NUMBER(10),
 MAIL_ID  VARCHAR(30),
 GENDER CHAR(1),
 MARITAL_STATUS VARCHAR(10),
 IDENTIFICATION_DOC_TYPE VARCHAR(20),
 ID_DOC_NO VARCHAR(20),
 CITIZENSHIP VARCHAR(10),
 CONSTRAINT CUST_PERS_INFO_PK PRIMARY KEY(CUSTOMER_ID)
);

-- CUSTOMER_REFERENCE_INFO

CREATE TABLE CUSTOMER_REFERENCE_INFO
(
  CUSTOMER_ID VARCHAR(5),
  REFERENCE_ACC_NAME  VARCHAR(20),
  REFERENCE_ACC_NO NUMBER(16),
  REFERENCE_ACC_ADDRESS VARCHAR(50),
  RELATION VARCHAR(25),
  CONSTRAINT CUST_REF_INFO_PK PRIMARY KEY(CUSTOMER_ID),
  CONSTRAINT CUST_REF_INFO_FK FOREIGN KEY(CUSTOMER_ID) REFERENCES   CUSTOMER_PERSONAL_INFO(CUSTOMER_ID)
);

-- BANK_INFO

CREATE TABLE BANK_INFO
(
  IFSC_CODE   VARCHAR(15),
  BANK_NAME   VARCHAR(25),
  BRANCH_NAME VARCHAR(25),
  CONSTRAINT BANK_INFO_PK PRIMARY KEY(IFSC_CODE)
);



-- ACCOUNT_INFO

CREATE TABLE ACCOUNT_INFO
(
 ACCOUNT_NO NUMBER(16),
 CUSTOMER_ID VARCHAR(5),
 ACCOUNT_TYPE VARCHAR(10),
 REGISTRATION_DATE DATE,
 ACTIVATION_DATE DATE,
 IFSC_CODE VARCHAR(10),
 INTEREST DECIMAL(7,2),
 INITIAL_DEPOSIT NUMBER(10),   
 CONSTRAINT ACC_INFO_PK PRIMARY KEY(ACCOUNT_NO),
 CONSTRAINT ACC_INFO_PERS_FK FOREIGN KEY(CUSTOMER_ID) REFERENCES CUSTOMER_PERSONAL_INFO(CUSTOMER_ID),
 CONSTRAINT ACC_INFO_BANK_FK FOREIGN KEY(IFSC_CODE) REFERENCES BANK_INFO(IFSC_CODE)
);

-- BANK_INFO


INSERT INTO BANK_INFO(IFSC_CODE,BANK_NAME,BRANCH_NAME)
VALUES('HDVL0012','HDFC','VALASARAVAKKAM');
INSERT INTO BANK_INFO(IFSC_CODE,BANK_NAME,BRANCH_NAME) 
VALUES('SBITN0123','SBI','TNAGAR');
INSERT INTO BANK_INFO(IFSC_CODE,BANK_NAME,BRANCH_NAME) 
VALUES('ICITN0232','ICICI','TNAGAR');
INSERT INTO BANK_INFO(IFSC_CODE,BANK_NAME,BRANCH_NAME) 
VALUES('ICIPG0242','ICICI','PERUNGUDI');
INSERT INTO BANK_INFO(IFSC_CODE,BANK_NAME,BRANCH_NAME) 
VALUES('SBISD0113','SBI','SAIDAPET');

-- CUSTOMER_PERSONAL_INFO

INSERT INTO CUSTOMER_PERSONAL_INFO(CUSTOMER_ID,CUSTOMER_NAME,DATE_OF_BIRTH,GUARDIAN_NAME,ADDRESS,CONTACT_NO,MAIL_ID,GENDER,MARITAL_STATUS,IDENTIFICATION_DOC_TYPE,ID_DOC_NO,CITIZENSHIP) 
VALUES('C-001','JOHN','03-MAY-1984','PETER','NO.14, ST.MARKS ROAD,BANGALORE',9734526719,'JOHN_123@gmail.com','M','SINGLE','PASSPORT','PASS123','INDIAN');
INSERT INTO CUSTOMER_PERSONAL_INFO(CUSTOMER_ID,CUSTOMER_NAME,DATE_OF_BIRTH,GUARDIAN_NAME,ADDRESS,CONTACT_NO,MAIL_ID,GENDER,MARITAL_STATUS,IDENTIFICATION_DOC_TYPE,ID_DOC_NO,CITIZENSHIP) 
VALUES('C-002','JAMES','06-AUG-1984','GEORGE','NO.18, MG ROAD,BANGALORE',9237893481,'JAMES_123@gmail.com','M','MARRIED','PASSPORT','PASS124','INDIAN');
INSERT INTO CUSTOMER_PERSONAL_INFO(CUSTOMER_ID,CUSTOMER_NAME,DATE_OF_BIRTH,GUARDIAN_NAME,ADDRESS,CONTACT_NO,MAIL_ID,GENDER,MARITAL_STATUS,IDENTIFICATION_DOC_TYPE,ID_DOC_NO,CITIZENSHIP)
VALUES('C-003','SUNITHA','06-NOV-1984','VINOD','NO.21, GM ROAD,CHENNAI',9438978389,'SUNITHA_123@gmail.com','F','SINGLE','VOTER-ID','GMV1234','INDIAN');
INSERT INTO CUSTOMER_PERSONAL_INFO(CUSTOMER_ID,CUSTOMER_NAME,DATE_OF_BIRTH,GUARDIAN_NAME,ADDRESS,CONTACT_NO,MAIL_ID,GENDER,MARITAL_STATUS,IDENTIFICATION_DOC_TYPE,ID_DOC_NO,CITIZENSHIP) 
VALUES('C-004','RAMESH','11-DEC-1985','KRISHNAN','NO.14,LB ROAD,CHENNAI',9235234534,'RAMESH_123@gmail.com','M','MARRIED','PASSPORT','PASS125','INDIAN');
INSERT INTO CUSTOMER_PERSONAL_INFO(CUSTOMER_ID,CUSTOMER_NAME,DATE_OF_BIRTH,GUARDIAN_NAME,ADDRESS,CONTACT_NO,MAIL_ID,GENDER,MARITAL_STATUS,IDENTIFICATION_DOC_TYPE,ID_DOC_NO,CITIZENSHIP) 
VALUES('C-005','KUMAR','26-APR-1983','KIRAN','NO.18,MM ROAD,BANGALORE',9242342312,'KUMAR_123@gmail.com','M','SINGLE','PASSPORT','PASS126','INDIAN');


-- CUSTOMER_REFERENCE_INFO

INSERT INTO CUSTOMER_REFERENCE_INFO(CUSTOMER_ID,REFERENCE_ACC_NAME,REFERENCE_ACC_NO,REFERENCE_ACC_ADDRESS,RELATION) VALUES('C-001','RAM',0987654321122345,'NO.11,BRIGRADE ROAD,BANGALORE','FRIEND');
INSERT INTO CUSTOMER_REFERENCE_INFO(CUSTOMER_ID,REFERENCE_ACC_NAME,REFERENCE_ACC_NO,REFERENCE_ACC_ADDRESS,RELATION) VALUES('C-002','RAGHUL',0987654321122346,'NO.21,CUNNGHAM ROAD,BANGALORE','FRIEND');
INSERT INTO CUSTOMER_REFERENCE_INFO(CUSTOMER_ID,REFERENCE_ACC_NAME,REFERENCE_ACC_NO,REFERENCE_ACC_ADDRESS,RELATION) VALUES('C-003','GOKUL',0987654321122357,'NO.12,OMR,CHENNAI','NEIGHBOUR');
INSERT INTO CUSTOMER_REFERENCE_INFO(CUSTOMER_ID,REFERENCE_ACC_NAME,REFERENCE_ACC_NO,REFERENCE_ACC_ADDRESS,RELATION) VALUES('C-004','RAHMAN',0987654321122348,'NO.35,ECR,CHENNAI','FRIEND');
INSERT INTO CUSTOMER_REFERENCE_INFO(CUSTOMER_ID,REFERENCE_ACC_NAME,REFERENCE_ACC_NO,REFERENCE_ACC_ADDRESS,RELATION) VALUES('C-005','VIVEK',0987654321122359,'NO.78,JAYA NAGAR,BANGALORE','NEIGHBOUR');


-- ACCOUNT_INFO


INSERT INTO ACCOUNT_INFO(ACCOUNT_NO,CUSTOMER_ID,ACCOUNT_TYPE,REGISTRATION_DATE,ACTIVATION_DATE,IFSC_CODE,INTEREST, INITIAL_DEPOSIT) VALUES(1234567898765432,'C-001','SAVINGS','23-FEB-2012','28-FEB-2012','HDVL0012',5,10000); 
INSERT INTO ACCOUNT_INFO(ACCOUNT_NO,CUSTOMER_ID,ACCOUNT_TYPE,REGISTRATION_DATE,ACTIVATION_DATE,IFSC_CODE,INTEREST, INITIAL_DEPOSIT) VALUES(1234567898765433,'C-002','SALARY','12-MAR-2012','17-MAR-2012','SBITN0123',6,0 ); 
INSERT INTO ACCOUNT_INFO(ACCOUNT_NO,CUSTOMER_ID,ACCOUNT_TYPE,REGISTRATION_DATE,ACTIVATION_DATE,IFSC_CODE,INTEREST, INITIAL_DEPOSIT) VALUES(1234567898765434,'C-003','SAVINGS','15-MAR-2012','20-MAR-2012','ICITN0232',4,16000 ); 
INSERT INTO ACCOUNT_INFO(ACCOUNT_NO,CUSTOMER_ID,ACCOUNT_TYPE,REGISTRATION_DATE,ACTIVATION_DATE,IFSC_CODE,INTEREST, INITIAL_DEPOSIT) VALUES(1234567898765435,'C-004','SALARY','05-APR-2012','10-APR-2012','HDVL0012',7,0);
INSERT INTO ACCOUNT_INFO(ACCOUNT_NO,CUSTOMER_ID,ACCOUNT_TYPE,REGISTRATION_DATE,ACTIVATION_DATE,IFSC_CODE,INTEREST, INITIAL_DEPOSIT) VALUES(1234567898765436,'C-005','SAVINGS','12-APR-2012','17-APR-2012','SBISD0113',8,20000);

SELECT * FROM ACCOUNT_INFO;
SELECT * FROM BANK_INFO;